human,ChatGpt,datetime
human,ChatGpt,datetime
human,ChatGpt,datetime
una torta de chocolate,"¿Necesitas ayuda para hacer una torta de chocolate? Es una receta muy sencilla y deliciosa. Aquí te voy a dar la receta básica para que puedas prepararla en casa:

Ingredientes:

- 200 gramos de chocolate negro
- 200 gramos de mantequilla
- 4 huevos
- 1 taza de azúcar
- 1 taza de harina
- 1 cucharadita de polvo de hornear
- 1 pizca de sal

Preparación:

1. Precalentar el horno a 180 grados Celsius.
2. Derretir el chocolate y la mantequilla en un recipiente al baño maría o en el microondas, mezclando bien hasta que quede suave y homogéneo.
3. En un recipiente aparte, batir los huevos y el azúcar hasta que estén bien mezclados y espumosos.
4. Agregar el chocolate derretido a la mezcla de huevos y azúcar y mezclar bien.
5. Agregar la harina, el polvo de hornear y la pizca de sal a la mezcla y mezclar bien hasta que quede una masa homogénea.
6. Verter la mezcla en un molde engrasado y hornear durante 30-35 minutos, o hasta que al insertar un palillo en el centro de la torta salga limpio.
7. Dejar enfriar la torta en el molde durante unos minutos, luego desmoldar y servir.

¡Y ya está! Con esta receta básica podrás disfrutar de una deliciosa torta de chocolate en casa. Si quieres darle un toque especial, puedes añadir algunos ingredientes adicionales como nueces, pasas o frutas. ¡Disfruta de tu torta!",2022-12-09 23:45:09.280400
Me gustaría saber alemán o aprender alemán,"¡Aprender alemán puede ser una gran idea! El alemán es un idioma muy interesante y útil de aprender. Hay muchos recursos disponibles en línea que te pueden ayudar a aprender alemán, como libros de texto, cursos en línea y aplicaciones móviles. También puedes encontrar grupos de estudio o clases de alemán en tu zona. La mejor manera de aprender un idioma es a través de la práctica y la exposición constante al idioma, así que busca formas de practicar y exponerte al alemán todos los días. ¡Buena suerte en tu aprendizaje del alemán!",2022-12-10 10:54:44.060617
Gracias pero también me gustaría saber más acerca de ruso,"El ruso es un idioma muy interesante y puede ser muy útil de aprender. Es uno de los idiomas más hablados del mundo, con más de 250 millones de hablantes en todo el mundo. El ruso es un idioma eslavo de la familia de lenguas indoeuropeas y es el idioma oficial de Rusia, así como de varios países de Europa del Este y Asia Central. Si quieres aprender ruso, hay muchos recursos disponibles en línea, como libros de texto, cursos en línea y aplicaciones móviles. También puedes encontrar clases o grupos de estudio en tu zona. La mejor manera de aprender un idioma es a través de la práctica constante y la exposición al idioma, así que busca formas de practicar y exponerte al ruso todos los días. ¡Buena suerte en tu aprendizaje del ruso!",2022-12-10 10:54:44.060617
gracias me interesa aprender ingeniería de datos Qué ruta debería seguir,"Si estás interesado en aprender ingeniería de datos, hay varias rutas que puedes seguir. En primer lugar, es importante tener una base sólida en matemáticas y ciencias, ya que son importantes en el campo de la ingeniería de datos. También puedes comenzar a familiarizarte con el uso de herramientas y tecnologías populares en el campo, como Python, R y SQL. Además, hay muchos cursos en línea y programas de certificación que te pueden ayudar a adquirir las habilidades necesarias para trabajar como ingeniero de datos. También puedes buscar oportunidades de voluntariado o trabajo a tiempo parcial para adquirir experiencia en el campo. ¡Buena suerte en tu camino hacia la ingeniería de datos!",2022-12-10 10:54:44.060617
Muchas gracias Eso es todo por ahora,"¡De nada! Me alegro de haber podido ayudarte. Si tienes más preguntas o necesitas más ayuda, no dudes en preguntar. ¡Estoy aquí para ayudarte en lo que necesites!",2022-12-10 10:54:44.060617
quiero convertirme en ingeniero de datos Qué ruta tú me recomendarías seguir,"Si quieres convertirte en ingeniero de datos, te recomendaría seguir los siguientes pasos:

1. Obtener una buena base en matemáticas y estadística. Esto te ayudará a entender los conceptos básicos de análisis de datos y te permitirá realizar análisis más avanzados de manera efectiva.

2. Aprender un lenguaje de programación, como Python o R, que se utilizan ampliamente en el campo del análisis de datos. Esto te permitirá manipular y analizar grandes conjuntos de datos y crear modelos predictivos.

3. Adquirir habilidades en bases de datos y sistemas de información. Esto te permitirá almacenar y administrar grandes conjuntos de datos de manera eficiente y acceder a ellos de manera rápida y sencilla.

4. Comenzar a trabajar en proyectos de análisis de datos en los que puedas aplicar lo que has aprendido. Esto te ayudará a adquirir experiencia práctica y te permitirá desarrollar habilidades esenciales para el campo del análisis de datos.

5. Continuar aprendiendo y desarrollando tus habilidades. El campo del análisis de datos es muy dinámico y está en constante evolución, por lo que es importante estar siempre actualizado y aprender nuevas habilidades.

En resumen, si quieres convertirte en ingeniero de datos, te recomendaría obtener una buena base en matemáticas y estadística, aprender un lenguaje de programación, adquirir habilidades en bases de datos y sistemas de información, trabajar en proyectos de análisis de datos y continuar aprendiendo y desarrollando tus habilidades. ¡Buena suerte en tu camino hacia la ingeniería de datos!",2022-12-10 11:04:56.597388
Te agradezco la respuesta otra pregunta que tengo es que me recomendarías aprender primero b o o r,"No puedo recomendarte qué lenguaje de programación aprender primero, ya que depende de tus objetivos y preferencias personales. Sin embargo, te puedo decir que ambos lenguajes son populares en el campo del análisis de datos y tienen sus propias ventajas y desventajas.

Python es un lenguaje de programación general propósito que se utiliza ampliamente en el campo del análisis de datos. Es fácil de aprender y tiene una gran cantidad de bibliotecas y frameworks que facilitan el análisis de datos y el desarrollo de modelos predictivos.

R es un lenguaje de programación especializado en estadística y análisis de datos. También es fácil de aprender y cuenta con una gran cantidad de bibliotecas y paquetes que facilitan el análisis de datos y la visualización de resultados.

En resumen, ambos lenguajes son buenas opciones para el análisis de datos y la elección depende de tus objetivos y preferencias personales. Si estás indeciso, te recomendaría empezar por Python, ya que es un lenguaje de programación más general propósito y te dará una buena base para seguir aprendiendo otros lenguajes. ¡Buena suerte en tu aprendizaje!",2022-12-10 11:04:56.597388
Hola me gustaría aprender paito,"El paito es una técnica de pintura que se caracteriza por utilizar una paleta de colores muy limitada, normalmente de dos o tres colores, y mezclarlos sobre la superficie de la pintura para crear una gama de tonos y matices. La técnica del paito es muy utilizada en la pintura al óleo, ya que permite crear una gran cantidad de matices y texturas utilizando pocos colores.

",2022-12-10 11:13:53.426872
